moderadamente,moderadamente,moderadamente,moderadamente,moderadamente,moderadamente,moderado,relativamentemalo
ligeramenteruidoso,ligeramenteruidoso,ligeramenteruidoso,ligeramenteruidoso,ligeramenteruidoso,ligeramenteruidoso,relativamentemalo,completamentebueno
moderadamente,moderadamente,moderadamente,moderadamente,moderadamente,moderadamente,moderado,relativamentemalo
ligeramenteruidoso,ligeramenteruidoso,ligeramenteruidoso,ligeramenteruidoso,ligeramenteruidoso,ligeramenteruidoso,ligeramentebueno,ligeramentemalo
ligeramentesilencioso,ligeramentesilencioso,ligeramentesilencioso,ligeramentesilencioso,ligeramentesilencioso,ligeramentesilencioso,moderado,relativamentemalo
ligeramentesilencioso,ligeramentesilencioso,ligeramentesilencioso,ligeramentesilencioso,ligeramentesilencioso,ligeramentesilencioso,relativamentemalo,ligeramentebueno
ligeramentesilencioso,ligeramentesilencioso,ligeramentesilencioso,ligeramentesilencioso,ligeramentesilencioso,ligeramentesilencioso,ligeramentemalo,relativamentemalo
moderadamente,moderadamente,moderadamente,moderadamente,moderadamente,moderadamente,ligeramentemalo,ligeramentemalo
ligeramenteruidoso,ligeramenteruidoso,ligeramenteruidoso,ligeramenteruidoso,ligeramenteruidoso,ligeramenteruidoso,ligeramentemalo,relativamentemalo
relativamentesilencioso,ligeramentesilencioso,ligeramentesilencioso,ligeramentesilencioso,ligeramentesilencioso,ligeramentesilencioso,ligeramentemalo,relativamentemalo
relativamentesilencioso,relativamentesilencioso,relativamentesilencioso,relativamentesilencioso,relativamentesilencioso,relativamentesilencioso,completamentemalo,ligeramentebueno
ligeramentesilencioso,ligeramentesilencioso,ligeramentesilencioso,ligeramentesilencioso,ligeramentesilencioso,ligeramentesilencioso,ligeramentemalo,moderado
relativamentesilencioso,relativamentesilencioso,relativamentesilencioso,relativamentesilencioso,relativamentesilencioso,relativamentesilencioso,moderado,relativamentemalo
relativamenteruidoso,ligeramenteruidoso,ligeramenteruidoso,ligeramenteruidoso,ligeramenteruidoso,ligeramenteruidoso,relativamentemalo,completamentebueno
moderadamente,moderadamente,moderadamente,moderadamente,moderadamente,moderadamente,ligeramentemalo,moderado
moderadamente,moderadamente,moderadamente,moderadamente,moderadamente,moderadamente,ligeramentemalo,relativamentemalo
inaudiblecompletamente,ligeramentesilencioso,moderadamente,ligeramenteruidoso,relativamenteruidoso,relativamenteruidoso,ligeramentemalo,ligeramentemalo
moderadamente,moderadamente,moderadamente,moderadamente,moderadamente,moderadamente,moderado,ligeramentemalo
moderadamente,moderadamente,moderadamente,moderadamente,moderadamente,moderadamente,moderado,moderado
moderadamente,moderadamente,moderadamente,moderadamente,moderadamente,moderadamente,relativamentemalo,ligeramentebueno
moderadamente,moderadamente,moderadamente,moderadamente,moderadamente,moderadamente,relativamentemalo,ligeramentebueno
moderadamente,moderadamente,moderadamente,moderadamente,moderadamente,moderadamente,ligeramentemalo,ligeramentebueno
moderadamente,moderadamente,moderadamente,moderadamente,moderadamente,moderadamente,moderado,relativamentemalo
ligeramenteruidoso,ligeramenteruidoso,ligeramenteruidoso,ligeramenteruidoso,ligeramenteruidoso,ligeramenteruidoso,ligeramentemalo,completamentebueno
ligeramenteruidoso,ligeramenteruidoso,ligeramenteruidoso,ligeramenteruidoso,ligeramenteruidoso,ligeramenteruidoso,ligeramentemalo,relativamentemalo
relativamentesilencioso,relativamentesilencioso,relativamentesilencioso,relativamentesilencioso,relativamentesilencioso,relativamentesilencioso,moderado,completamentemalo
moderadamente,moderadamente,moderadamente,moderadamente,moderadamente,moderadamente,ligeramentemalo,ligeramentemalo
ligeramentesilencioso,relativamentesilencioso,relativamentesilencioso,relativamentesilencioso,relativamentesilencioso,relativamentesilencioso,ligeramentemalo,moderado
ligeramenteruidoso,ligeramenteruidoso,ligeramenteruidoso,ligeramenteruidoso,moderadamente,moderadamente,ligeramentemalo,relativamentemalo
moderadamente,moderadamente,moderadamente,moderadamente,moderadamente,moderadamente,ligeramentemalo,ligeramentebueno
